type	local	source	commit	mechanical	judgement	batch
principle	mmw-v2/skills/mmw/principles/principle-prove-it-works.md	mmw-v2/upstream-pstack/skills/principle-prove-it-works/SKILL.md	dd6ba52b0bf000ee0c8defef96832572944d1e00	remove disable-model-invocation	J11: drop "(the **show-me-your-work** skill)"	B1
principle	mmw-v2/skills/mmw/principles/principle-fix-root-causes.md	mmw-v2/upstream-pstack/skills/principle-fix-root-causes/SKILL.md	dd6ba52b0bf000ee0c8defef96832572944d1e00	remove disable-model-invocation		B1
principle	mmw-v2/skills/mmw/principles/principle-attack-the-premise.md	mmw-v2/upstream-pstack/skills/principle-attack-the-premise/SKILL.md	dd6ba52b0bf000ee0c8defef96832572944d1e00	remove disable-model-invocation; ../principle-build-the-lever/SKILL.md -> principle-build-the-lever.md; ../principle-fix-root-causes/SKILL.md -> principle-fix-root-causes.md; ../principle-laziness-protocol/SKILL.md -> principle-laziness-protocol.md; ../principle-redesign-from-first-principles/SKILL.md -> principle-redesign-from-first-principles.md		B1
principle	mmw-v2/skills/mmw/principles/principle-build-the-lever.md	mmw-v2/upstream-pstack/skills/principle-build-the-lever/SKILL.md	dd6ba52b0bf000ee0c8defef96832572944d1e00	remove disable-model-invocation; ../principle-laziness-protocol/SKILL.md -> principle-laziness-protocol.md; ../principle-encode-lessons-in-structure/SKILL.md -> principle-encode-lessons-in-structure.md; ../principle-prove-it-works/SKILL.md -> principle-prove-it-works.md		B1
principle	mmw-v2/skills/mmw/principles/principle-laziness-protocol.md	mmw-v2/upstream-pstack/skills/principle-laziness-protocol/SKILL.md	dd6ba52b0bf000ee0c8defef96832572944d1e00	remove disable-model-invocation		B1
principle	mmw-v2/skills/mmw/principles/principle-encode-lessons-in-structure.md	mmw-v2/upstream-pstack/skills/principle-encode-lessons-in-structure/SKILL.md	dd6ba52b0bf000ee0c8defef96832572944d1e00	remove disable-model-invocation	J12: "brain note" -> "Memory record" (2 places)	B1
principle	mmw-v2/skills/mmw/principles/principle-redesign-from-first-principles.md	mmw-v2/upstream-pstack/skills/principle-redesign-from-first-principles/SKILL.md	dd6ba52b0bf000ee0c8defef96832572944d1e00	remove disable-model-invocation		B1
principle	mmw-v2/skills/mmw/principles/principle-subtract-before-you-add.md	mmw-v2/upstream-pstack/skills/principle-subtract-before-you-add/SKILL.md	dd6ba52b0bf000ee0c8defef96832572944d1e00	remove disable-model-invocation		B1
principle	mmw-v2/skills/mmw/principles/principle-migrate-callers-then-delete-legacy-apis.md	mmw-v2/upstream-pstack/skills/principle-migrate-callers-then-delete-legacy-apis/SKILL.md	dd6ba52b0bf000ee0c8defef96832572944d1e00	remove disable-model-invocation		B1
principle	mmw-v2/skills/mmw/principles/principle-test-behavior-not-implementation.md	mmw-v2/upstream-pstack/skills/principle-test-behavior-not-implementation/SKILL.md	dd6ba52b0bf000ee0c8defef96832572944d1e00	remove disable-model-invocation		B1
principle	mmw-v2/skills/mmw/principles/principle-separate-before-serializing-shared-state.md	mmw-v2/upstream-pstack/skills/principle-separate-before-serializing-shared-state/SKILL.md	dd6ba52b0bf000ee0c8defef96832572944d1e00	remove disable-model-invocation		B1
principle	mmw-v2/skills/mmw/principles/principle-make-operations-idempotent.md	mmw-v2/upstream-pstack/skills/principle-make-operations-idempotent/SKILL.md	dd6ba52b0bf000ee0c8defef96832572944d1e00	remove disable-model-invocation		B1
principle	mmw-v2/skills/mmw/principles/principle-guard-the-context-window.md	mmw-v2/upstream-pstack/skills/principle-guard-the-context-window/SKILL.md	dd6ba52b0bf000ee0c8defef96832572944d1e00	remove disable-model-invocation		B1
principle	mmw-v2/skills/mmw/principles/principle-never-block-on-the-human.md	mmw-v2/upstream-pstack/skills/principle-never-block-on-the-human/SKILL.md	dd6ba52b0bf000ee0c8defef96832572944d1e00	remove disable-model-invocation		B1
mode-section	mmw-v2/skills/mmw/SKILL.md#Non-negotiables	mmw-v2/upstream-pstack/skills/poteto-mode/SKILL.md:15	dd6ba52b0bf000ee0c8defef96832572944d1e00		J7: "leaf SKILL.md" -> "file"; first sentence not adopted	B1
mode-section	mmw-v2/skills/mmw/SKILL.md#Principles	mmw-v2/upstream-pstack/skills/poteto-mode/SKILL.md:39	dd6ba52b0bf000ee0c8defef96832572944d1e00		J8: "leaf skill" -> "principle file"	B1
mode-section	mmw-v2/skills/mmw/SKILL.md#Writing the reply	mmw-v2/upstream-pstack/skills/poteto-mode/SKILL.md:109	dd6ba52b0bf000ee0c8defef96832572944d1e00		J9: drop the PR-link half-sentence; "The per-playbook lines below name" -> "Each playbook's `**Reply:**` line names"	B1
playbook	mmw-v2/skills/mmw/playbooks/prototype.md#Prototype	mmw-v2/upstream-pstack/skills/poteto-mode/playbooks/prototype.md	dd6ba52b0bf000ee0c8defef96832572944d1e00		J1: 合并：MMW 版，吸收 pstack 第 1、6 步与 Reply；去掉「throwaway」与「Hand to Feature」	B1
